engine	symbol
tex	aftermath
tex	alignerror
tex	alignpeek
tex	alteraux
tex	alterboxdimen
tex	alterinteger
tex	alterpagesofar
tex	alterprevgraf
tex	appendchoices
tex	appenddiscretionary
tex	appendglue
tex	appenditaliccorrection
tex	appendkern
tex	appendpenalty
tex	appendsrcspecial
tex	appspace
tex	backerror
tex	backinput
tex	begindiagnostic
tex	beginfilereading
tex	begininsertoradjust
tex	beginname
tex	buildchoices
tex	builddiscretionary
tex	buildpage
tex	checkoutervalidity
tex	clearforerrorprompt
tex	closefilesandterminate
tex	conditional
tex	convtoks
tex	cserror
tex	deletelast
tex	doassignments
tex	doendv
tex	doextension
tex	dviswap
tex	endfilereading
tex	endgraf
tex	endname
tex	endtokenlist
tex	error
tex	expand
tex	extrarightbrace
tex	finalcleanup
tex	finalign
tex	fincol
tex	finrow
tex	firmuptheline
tex	fixdateandtime
tex	fixlanguage
tex	flushmath
tex	getavail
tex	getnext
tex	getnullstr
tex	getpreambletoken
tex	getrtoken
tex	getstringsstarted
tex	gettoken
tex	getxtoken
tex	giveerrhelp
tex	handlerightbrace
tex	headforvmode
tex	hlistout
tex	hyphenate
tex	indentinhmode
tex	initalign
tex	initcol
tex	initialize
tex	initmath
tex	initprim
tex	initrow
tex	initterminal
tex	inittrie
tex	inserror
tex	insertdollarsign
tex	insertrelax
tex	insertsrcspecial
tex	insthetoks
tex	issuemessage
tex	itsallover
tex	jumpout
tex	loadfmtfile
tex	macrocall
tex	mainbody
tex	maincontrol
tex	makeaccent
tex	makemark
tex	makenamestring
tex	makestring
tex	mathac
tex	mathfraction
tex	mathleftright
tex	mathlimitswitch
tex	mathradical
tex	mlisttohlist
tex	muerror
tex	newchoice
tex	newdisc
tex	newhyphexceptions
tex	newinteraction
tex	newnoad
tex	newnullbox
tex	newpatterns
tex	newrule
tex	noalignerror
tex	normalizeselector
tex	normalparagraph
tex	offsave
tex	omiterror
tex	openfmtfile
tex	openlogfile
tex	openorclosein
tex	passtext
tex	pauseforinstructions
tex	popalignment
tex	popnest
tex	prefixedcommand
tex	preparemag
tex	printcurrentstring
tex	printfileline
tex	println
tex	printmeaning
tex	printtotals
tex	privileged
tex	pushalignment
tex	pushnest
tex	reportillegalcase
tex	resumeafterdisplay
tex	runaway
tex	scancharnum
tex	scaneightbitint
tex	scanfifteenbitint
tex	scanfilename
tex	scanfilenamebraced
tex	scanfontident
tex	scanfourbitint
tex	scanfourbitintor18
tex	scanint
tex	scanleftbrace
tex	scanoptionalequals
tex	scanrulespec
tex	scantwentysevenbitint
tex	shiftcase
tex	showactivities
tex	showcontext
tex	showcurcmdchr
tex	showinfo
tex	showwhatever
tex	slowmakestring
tex	sortavail
tex	starteqno
tex	startinput
tex	storefmtfile
tex	subsup
tex	terminput
tex	thetoks
tex	trapzeroglue
tex	unpackage
tex	unsave
tex	vlistout
tex	xtoken
tex	youcant
tex	zamakenamestring
tex	zappendtovlist
tex	zbadness
tex	zbeginbox
tex	zbegintokenlist
tex	zbmakenamestring
tex	zboxend
tex	zboxerror
tex	zchangeiflimit
tex	zcharbox
tex	zcharwarning
tex	zcleanbox
tex	zcompresstrie
tex	zconfusion
tex	zcopynodelist
tex	zdeleteglueref
tex	zdeletetokenref
tex	zdoregistercommand
tex	zdvifontdef
tex	zdvifour
tex	zdvipop
tex	zeffectivechar
tex	zeffectivecharinfo
tex	zenddiagnostic
tex	zensurevbox
tex	zeqdefine
tex	zeqdestroy
tex	zeqsave
tex	zeqworddefine
tex	zfatalerror
tex	zfetch
tex	zfindfontdimen
tex	zfiniteshrink
tex	zfinmlist
tex	zfireup
tex	zfirstfit
tex	zflushlist
tex	zflushnodelist
tex	zfractionrule
tex	zfreenode
tex	zfreezepagespecs
tex	zgeqdefine
tex	zgeqworddefine
tex	zgetnode
tex	zhalf
tex	zheightplusdepth
tex	zhpack
tex	zidlookup
tex	zinitspan
tex	zinterror
tex	zlinebreak
tex	zmakefraction
tex	zmakeleftright
tex	zmakemathaccent
tex	zmakeop
tex	zmakeord
tex	zmakeover
tex	zmakeradical
tex	zmakescripts
tex	zmakeunder
tex	zmakevcenter
tex	zmathglue
tex	zmathkern
tex	zmorename
tex	zmovement
tex	zmultandadd
tex	znewcharacter
tex	znewfont
tex	znewglue
tex	znewgraf
tex	znewkern
tex	znewligature
tex	znewligitem
tex	znewmath
tex	znewparamglue
tex	znewpenalty
tex	znewsavelevel
tex	znewskipparam
tex	znewspec
tex	znewstyle
tex	znewtrieop
tex	znewwhatsit
tex	znewwritewhatsit
tex	znormmin
tex	zoutwhat
tex	zoverbar
tex	zoverflow
tex	zpackage
tex	zpackbufferedname
tex	zpackfilename
tex	zpackjobname
tex	zpostlinebreak
tex	zprimitive
tex	zprint
tex	zprintchar
tex	zprintcmdchr
tex	zprintcs
tex	zprintcsnames
tex	zprintdelimiter
tex	zprintesc
tex	zprintfamandchar
tex	zprintfilename
tex	zprintfontandchar
tex	zprintglue
tex	zprinthex
tex	zprintinmode
tex	zprintint
tex	zprintlengthparam
tex	zprintmark
tex	zprintmode
tex	zprintnl
tex	zprintparam
tex	zprintromanint
tex	zprintruledimen
tex	zprintscaled
tex	zprintsize
tex	zprintskipparam
tex	zprintspec
tex	zprintstyle
tex	zprintsubsidiarydata
tex	zprintthedigs
tex	zprinttwo
tex	zprintwritewhatsit
tex	zpromptfilename
tex	zprunemovements
tex	zprunepagetop
tex	zpushmath
tex	zreadfontinfo
tex	zreadtoks
tex	zrebox
tex	zreconstitute
tex	zrestoretrace
tex	zrounddecimals
tex	zsaveforafter
tex	zscanbox
tex	zscandelimiter
tex	zscandimen
tex	zscanglue
tex	zscankeyword
tex	zscanmath
tex	zscansomethinginternal
tex	zscanspec
tex	zscantoks
tex	zsearchstring
tex	zsetmathchar
tex	zshipout
tex	zshortdisplay
tex	zshowbox
tex	zshoweqtb
tex	zshownodelist
tex	zshowtokenlist
tex	zslowprint
tex	zspecialout
tex	zsprintcs
tex	zstackintobox
tex	zstreqbuf
tex	zstreqstr
tex	zstrtoks
tex	ztokenshow
tex	ztriefix
tex	ztrienode
tex	ztriepack
tex	ztrybreak
tex	zvardelimiter
tex	zvertbreak
tex	zvpackage
tex	zvsplit
tex	zwmakenamestring
tex	zwriteout
tex	zxnoverd
tex	zxovern
xetex	aftermath
xetex	alignerror
xetex	alignpeek
xetex	alteraux
xetex	alterboxdimen
xetex	alterinteger
xetex	alterpagesofar
xetex	alterprevgraf
xetex	appendchoices
xetex	appenddiscretionary
xetex	appendglue
xetex	appenditaliccorrection
xetex	appendkern
xetex	appendpenalty
xetex	appendsrcspecial
xetex	appspace
xetex	backerror
xetex	backinput
xetex	badutf8warning
xetex	begindiagnostic
xetex	beginfilereading
xetex	begininsertoradjust
xetex	beginname
xetex	bigopspacing1
xetex	bigopspacing2
xetex	bigopspacing3
xetex	bigopspacing4
xetex	bigopspacing5
xetex	buildchoices
xetex	builddiscretionary
xetex	buildpage
xetex	checkoutervalidity
xetex	clearforerrorprompt
xetex	closefilesandterminate
xetex	comparestrings
xetex	conditional
xetex	convtoks
xetex	cserror
xetex	defaultrulethickness
xetex	deletelast
xetex	doassignments
xetex	doendv
xetex	doextension
xetex	dviswap
xetex	endfilereading
xetex	endgraf
xetex	endname
xetex	endtokenlist
xetex	error
xetex	expand
xetex	extrarightbrace
xetex	filewarning
xetex	finalcleanup
xetex	finalign
xetex	fincol
xetex	finrow
xetex	firmuptheline
xetex	fixdateandtime
xetex	fixlanguage
xetex	flushmath
xetex	getavail
xetex	getinputnormalizationstate
xetex	getmicrointerval
xetex	getnext
xetex	getnullstr
xetex	getpreambletoken
xetex	getrtoken
xetex	getstringsstarted
xetex	gettoken
xetex	gettracingfontsstate
xetex	getxorprotected
xetex	getxtoken
xetex	giveerrhelp
xetex	graphitewarning
xetex	groupwarning
xetex	handlerightbrace
xetex	headforvmode
xetex	hlistout
xetex	hyphenate
xetex	ifwarning
xetex	indentinhmode
xetex	initalign
xetex	initcol
xetex	initialize
xetex	initmath
xetex	initprim
xetex	initrow
xetex	initterminal
xetex	inittrie
xetex	inserror
xetex	insertdollarsign
xetex	insertrelax
xetex	insertsrcspecial
xetex	insthetoks
xetex	issuemessage
xetex	itsallover
xetex	jumpout
xetex	loadfmtfile
xetex	macrocall
xetex	mainbody
xetex	maincontrol
xetex	makeaccent
xetex	makemark
xetex	makenamestring
xetex	makestring
xetex	mathac
xetex	mathfraction
xetex	mathleftright
xetex	mathlimitswitch
xetex	mathradical
xetex	maxhyphenatablelength
xetex	mlisttohlist
xetex	muerror
xetex	newchoice
xetex	newdisc
xetex	newhyphexceptions
xetex	newinteraction
xetex	newnoad
xetex	newnullbox
xetex	newpatterns
xetex	newrandoms
xetex	newrule
xetex	noalignerror
xetex	normalizeselector
xetex	normalparagraph
xetex	normrand
xetex	offsave
xetex	omiterror
xetex	openfmtfile
xetex	openlogfile
xetex	openorclosein
xetex	passtext
xetex	pauseforinstructions
xetex	popalignment
xetex	popnest
xetex	popnode
xetex	prefixedcommand
xetex	preparemag
xetex	printcurrentstring
xetex	printfileline
xetex	println
xetex	printmeaning
xetex	printtotals
xetex	privileged
xetex	pseudoclose
xetex	pseudoinput
xetex	pseudostart
xetex	pushalignment
xetex	pushnest
xetex	reportillegalcase
xetex	resumeafterdisplay
xetex	runaway
xetex	sarestore
xetex	scanandpackname
xetex	scancharclass
xetex	scancharclassnotignored
xetex	scancharnum
xetex	scandecimal
xetex	scandelimiterint
xetex	scaneightbitint
xetex	scanexpr
xetex	scanfifteenbitint
xetex	scanfilename
xetex	scanfilenamebraced
xetex	scanfontident
xetex	scanfourbitint
xetex	scanfourbitintor18
xetex	scangeneraltext
xetex	scanint
xetex	scanleftbrace
xetex	scanmathclassint
xetex	scanmathfamint
xetex	scanmuglue
xetex	scannormalglue
xetex	scanoptionalequals
xetex	scanpdfexttoks
xetex	scanregisternum
xetex	scanrulespec
xetex	scanusvnum
xetex	scanxetexmathcharint
xetex	shiftcase
xetex	showactivities
xetex	showcontext
xetex	showcurcmdchr
xetex	showinfo
xetex	showsavegroups
xetex	showwhatever
xetex	slowmakestring
xetex	sortavail
xetex	starteqno
xetex	startinput
xetex	storefmtfile
xetex	subsup
xetex	terminput
xetex	thetoks
xetex	trapzeroglue
xetex	unpackage
xetex	unsave
xetex	vlistout
xetex	xtoken
xetex	youcant
xetex	zabvscd
xetex	zaddorsub
xetex	zamakenamestring
xetex	zappdisplay
xetex	zappendstr
xetex	zappendtovlist
xetex	zattachhkerntonewhlist
xetex	zaxisheight
xetex	zbadness
xetex	zbeginbox
xetex	zbegintokenlist
xetex	zbmakenamestring
xetex	zboxend
xetex	zboxerror
xetex	zbuildopentypeassembly
xetex	zchangeiflimit
xetex	zcharbox
xetex	zcharpw
xetex	zcharwarning
xetex	zcleanbox
xetex	zcompresstrie
xetex	zcomputeotmathaccentpos
xetex	zconfusion
xetex	zcopynativeglyphinfo
xetex	zcopynodelist
xetex	zdeleteglueref
xetex	zdeletesaref
xetex	zdeletetokenref
xetex	zdelim1
xetex	zdelim2
xetex	zdenom1
xetex	zdenom2
xetex	zdolocalelinebreaks
xetex	zdomarks
xetex	zdoregistercommand
xetex	zdvifontdef
xetex	zdvifour
xetex	zdvinativefontdef
xetex	zdvipop
xetex	zdvitwo
xetex	zeTeXenabled
xetex	zeffectivechar
xetex	zeffectivecharinfo
xetex	zenddiagnostic
xetex	zensurevbox
xetex	zeqdefine
xetex	zeqdestroy
xetex	zeqsave
xetex	zeqworddefine
xetex	zfatalerror
xetex	zfetch
xetex	zfindfontdimen
xetex	zfindprotcharleft
xetex	zfindprotcharright
xetex	zfindsaelement
xetex	zfiniteshrink
xetex	zfinmlist
xetex	zfireup
xetex	zfirstfit
xetex	zflushlist
xetex	zflushnodelist
xetex	zflushstr
xetex	zfontfeaturewarning
xetex	zfontmappingwarning
xetex	zfract
xetex	zfractionrule
xetex	zfreenode
xetex	zfreezepagespecs
xetex	zgeqdefine
xetex	zgeqworddefine
xetex	zgetnode
xetex	zgrouptrace
xetex	zgsadef
xetex	zgsawdef
xetex	zhalf
xetex	zheightplusdepth
xetex	zhpack
xetex	zidlookup
xetex	zinitrandoms
xetex	zinitspan
xetex	zinterror
xetex	zisbitset
xetex	zjustcopy
xetex	zjustreverse
xetex	zlength
xetex	zlinebreak
xetex	zloadnativefont
xetex	zloadpicture
xetex	zmakefrac
xetex	zmakefraction
xetex	zmakeleftright
xetex	zmakemathaccent
xetex	zmakeop
xetex	zmakeord
xetex	zmakeover
xetex	zmakeradical
xetex	zmakescripts
xetex	zmakeunder
xetex	zmakevcenter
xetex	zmathglue
xetex	zmathkern
xetex	zmathquad
xetex	zmathxheight
xetex	zmlog
xetex	zmorename
xetex	zmovement
xetex	zmultandadd
xetex	znewcharacter
xetex	znewedge
xetex	znewfont
xetex	znewglue
xetex	znewgraf
xetex	znewindex
xetex	znewkern
xetex	znewligature
xetex	znewligitem
xetex	znewmarginkern
xetex	znewmath
xetex	znewnativecharacter
xetex	znewnativewordnode
xetex	znewparamglue
xetex	znewpenalty
xetex	znewsavelevel
xetex	znewskipparam
xetex	znewspec
xetex	znewstyle
xetex	znewtrieop
xetex	znewwhatsit
xetex	znewwritewhatsit
xetex	znormmin
xetex	znotaatfonterror
xetex	znotaatgrfonterror
xetex	znotnativefonterror
xetex	znototfonterror
xetex	znum1
xetex	znum2
xetex	znum3
xetex	zoutwhat
xetex	zoverbar
xetex	zoverflow
xetex	zpackage
xetex	zpackbufferedname
xetex	zpackfilename
xetex	zpackjobname
xetex	zpdferror
xetex	zpicout
xetex	zpostlinebreak
xetex	zprevrightmost
xetex	zprimitive
xetex	zprimlookup
xetex	zprint
xetex	zprintchar
xetex	zprintcmdchr
xetex	zprintcs
xetex	zprintcsnames
xetex	zprintdelimiter
xetex	zprintesc
xetex	zprintfamandchar
xetex	zprintfilename
xetex	zprintfontandchar
xetex	zprintglue
xetex	zprintgroup
xetex	zprinthex
xetex	zprintinmode
xetex	zprintint
xetex	zprintlengthparam
xetex	zprintmark
xetex	zprintmode
xetex	zprintnativeword
xetex	zprintnl
xetex	zprintparam
xetex	zprintrawchar
xetex	zprintromanint
xetex	zprintruledimen
xetex	zprintsanum
xetex	zprintscaled
xetex	zprintsize
xetex	zprintskipparam
xetex	zprintspec
xetex	zprintstyle
xetex	zprintsubsidiarydata
xetex	zprintthedigs
xetex	zprinttwo
xetex	zprintucscode
xetex	zprintwritewhatsit
xetex	zpromptfilename
xetex	zprunemovements
xetex	zprunepagetop
xetex	zpushmath
xetex	zpushnode
xetex	zquotient
xetex	zreadfontinfo
xetex	zreadtoks
xetex	zrebox
xetex	zreconstitute
xetex	zrestoretrace
xetex	zrounddecimals
xetex	zroundxnoverd
xetex	zsadef
xetex	zsadestroy
xetex	zsasave
xetex	zsaveforafter
xetex	zsawdef
xetex	zscanbox
xetex	zscandelimiter
xetex	zscandimen
xetex	zscanglue
xetex	zscanglyphnumber
xetex	zscankeyword
xetex	zscanmath
xetex	zscansomethinginternal
xetex	zscanspec
xetex	zscantoks
xetex	zsearchstring
xetex	zsetmathchar
xetex	zshipout
xetex	zshortdisplay
xetex	zshortdisplayn
xetex	zshowbox
xetex	zshoweqtb
xetex	zshownodelist
xetex	zshowsa
xetex	zshowtokenlist
xetex	zspecialout
xetex	zsprintcs
xetex	zstackglueintobox
xetex	zstackglyphintobox
xetex	zstackintobox
xetex	zstreqbuf
xetex	zstreqstr
xetex	zstrtoks
xetex	zstrtokscat
xetex	zsub1
xetex	zsub2
xetex	zsubdrop
xetex	zsup1
xetex	zsup2
xetex	zsup3
xetex	zsupdrop
xetex	ztakefrac
xetex	ztokenshow
xetex	ztokenstostring
xetex	ztotalpw
xetex	ztriefix
xetex	ztrienode
xetex	ztriepack
xetex	ztrybreak
xetex	zunifrand
xetex	zvardelimiter
xetex	zvertbreak
xetex	zvpackage
xetex	zvsplit
xetex	zwriteout
xetex	zxetexscandimen
xetex	zxnoverd
xetex	zxovern
xetex	zzreverse
xetex	zzumakenamestring
xetex	zzwmakenamestring
